,counts,percentage
A,796924.0,0.07012592632027725
C,261524.0,0.023013000932314988
D,538336.0,0.047371280914557445
E,807047.0,0.07101670731337091
F,414781.0,0.03649896582992973
G,747025.0,0.06573502631292961
H,297988.0,0.02622167801738532
I,492971.0,0.04337935364480603
K,651378.0,0.05731849666298111
L,1132287.0,0.09963644555240873
M,242334.0,0.021324362459780442
N,407941.0,0.03589707488922435
P,717708.0,0.06315525486429516
Q,541905.0,0.04768533775189334
R,640576.0,0.056367966554574746
S,946500.0,0.08328797885638081
T,608124.0,0.05351232842478365
V,677882.0,0.059650736062462906
W,138182.0,0.012159428942770643
Y,302772.0,0.02664264969287283
